行政区划名称,行政区类型,所属省级行政区,区划代码[2],面积[註 1] （平方公里）,常住人口[註 2] （2020年普查）,政府驻地,市 辖 区,县 级 市,县,自 治 县,旗,自 治 旗,特 区
石家庄市,地级市,河北省,130100,14060.14,11235086,长安区,8.0,3.0,11.0,,,,
唐山市,地级市,河北省,130200,14151.46,7717983,路北区,7.0,3.0,4.0,,,,
秦皇岛市,地级市,河北省,130300,7802.93,3136879,海港区,4.0,,2.0,1.0,,,
邯郸市,地级市,河北省,130400,12065.47,9413990,丛台区,6.0,1.0,11.0,,,,
邢台市,地级市,河北省,130500,12433.26,7111106,襄都区,4.0,2.0,12.0,,,,
保定市,地级市,河北省,130600,22184.95,11464315,竞秀区,5.0,4.0,15.0,,,,
张家口市,地级市,河北省,130700,36796.53,4118908,桥东区,6.0,,10.0,,,,
承德市,地级市,河北省,130800,39489.53,3354444,双桥区,3.0,1.0,4.0,3.0,,,
沧州市,地级市,河北省,130900,14304.27,7380504,运河区,2.0,4.0,9.0,1.0,,,
廊坊市,地级市,河北省,131000,6419.38,5464087,广阳区,2.0,2.0,5.0,1.0,,,
衡水市,地级市,河北省,131100,8836.78,4212933,桃城区,2.0,1.0,8.0,,,,
太原市,地级市,山西省,140100,6909.01,5304061,杏花岭区,6.0,1.0,3.0,,,,
大同市,地级市,山西省,140200,14056.4,3105591,平城区,4.0,,6.0,,,,
阳泉市,地级市,山西省,140300,4558.93,1318505,城区,3.0,,2.0,,,,
长治市,地级市,山西省,140400,13955.22,3180884,潞州区,4.0,,8.0,,,,
晋城市,地级市,山西省,140500,9424.87,2194545,城区,1.0,1.0,4.0,,,,
朔州市,地级市,山西省,140600,10625.39,1593444,朔城区,2.0,1.0,3.0,,,,
晋中市,地级市,山西省,140700,16391.98,3379498,榆次区,2.0,1.0,8.0,,,,
运城市,地级市,山西省,140800,14182.78,4774508,盐湖区,1.0,2.0,10.0,,,,
忻州市,地级市,山西省,140900,25151.55,2689668,忻府区,1.0,1.0,12.0,,,,
临汾市,地级市,山西省,141000,20302.16,3976481,尧都区,1.0,2.0,14.0,,,,
吕梁市,地级市,山西省,141100,21139.5,3398431,离石区,1.0,2.0,10.0,,,,
呼和浩特市,地级市,内蒙古自治区,150100,17186.12,3446100,新城区,4.0,,4.0,,1.0,,
包头市,地级市,内蒙古自治区,150200,27571.17,2709378,九原区,6.0,,1.0,,2.0,,
乌海市,地级市,内蒙古自治区,150300,1668.64,556621,海勃湾区,3.0,,,,,,
赤峰市,地级市,内蒙古自治区,150400,86915.58,4035967,松山区,3.0,,2.0,,7.0,,
通辽市,地级市,内蒙古自治区,150500,58861.55,2873168,科尔沁区,1.0,1.0,1.0,,5.0,,
鄂尔多斯市,地级市,内蒙古自治区,150600,86881.61,2153638,康巴什区,2.0,,,,7.0,,
呼伦贝尔市,地级市,内蒙古自治区,150700,252777.38,2242875,海拉尔区,2.0,5.0,,,4.0,3.0,
巴彦淖尔市,地级市,内蒙古自治区,150800,65139.66,1538715,临河区,1.0,,2.0,,4.0,,
乌兰察布市,地级市,内蒙古自治区,150900,54455.89,1706328,集宁区,1.0,1.0,5.0,,4.0,,
兴安盟,盟,内蒙古自治区,152200,55130.73,1416929,乌兰浩特市,,2.0,1.0,,3.0,,
锡林郭勒盟,盟,内蒙古自治区,152500,199883.52,1107075,锡林浩特市,,2.0,1.0,,9.0,,
阿拉善盟,盟,内蒙古自治区,152900,248080.49,262361,阿拉善左旗,,,,,3.0,,
沈阳市,地级市,辽宁省,210100,12859.89,9070093,浑南区,10.0,1.0,2.0,,,,
大连市,地级市,辽宁省,210200,13630.44,7450785,西岗区,7.0,2.0,1.0,,,,
鞍山市,地级市,辽宁省,210300,9255.36,3325372,铁东区,4.0,1.0,1.0,1.0,,,
抚顺市,地级市,辽宁省,210400,11271.03,1861372,顺城区,4.0,,1.0,2.0,,,
本溪市,地级市,辽宁省,210500,8413.94,1326018,平山区,4.0,,,2.0,,,
丹东市,地级市,辽宁省,210600,15289.61,2188436,振兴区,3.0,2.0,,1.0,,,
锦州市,地级市,辽宁省,210700,10039.99,2703853,太和区,3.0,2.0,2.0,,,,
营口市,地级市,辽宁省,210800,5399.8,2328582,站前区,4.0,2.0,,,,,
阜新市,地级市,辽宁省,210900,10326.99,1647280,细河区,5.0,,1.0,1.0,,,
辽阳市,地级市,辽宁省,211000,4735.78,1604580,文圣区,5.0,1.0,1.0,,,,
盘锦市,地级市,辽宁省,211100,4065.4,1389691,兴隆台区,3.0,,1.0,,,,
铁岭市,地级市,辽宁省,211200,12984.51,2388294,铁岭县,2.0,2.0,3.0,,,,
朝阳市,地级市,辽宁省,211300,19697.78,2872857,双塔区,2.0,2.0,2.0,1.0,,,
葫芦岛市,地级市,辽宁省,211400,10408.68,2434194,龙港区,3.0,1.0,2.0,,,,
长春市,地级市,吉林省,220100,24734.13,9066906,南关区,7.0,3.0,1.0,,,,
吉林市,地级市,吉林省,220200,27711.41,3623713,船营区,4.0,4.0,1.0,,,,
四平市,地级市,吉林省,220300,10241.73,1814733,铁西区,2.0,1.0,1.0,1.0,,,
辽源市,地级市,吉林省,220400,5140.45,996903,龙山区,2.0,,2.0,,,,
通化市,地级市,吉林省,220500,15611.54,1812114,东昌区,2.0,2.0,3.0,,,,
白山市,地级市,吉林省,220600,17505.26,968373,浑江区,2.0,1.0,2.0,1.0,,,
松原市,地级市,吉林省,220700,21169.77,2252994,宁江区,1.0,1.0,2.0,1.0,,,
白城市,地级市,吉林省,220800,25758.73,1551378,洮北区,1.0,2.0,2.0,,,,
延边朝鲜族自治州,自治州,吉林省,222400,43329.34,1986339,延吉市,,6.0,2.0,,,,
哈尔滨市,地级市,黑龙江省,230100,53076.48,10009854,松北区,9.0,2.0,7.0,,,,
齐齐哈尔市,地级市,黑龙江省,230200,42255.46,4067489,建华区,7.0,1.0,8.0,,,,
鸡西市,地级市,黑龙江省,230300,22494.48,1502060,鸡冠区,6.0,2.0,1.0,,,,
鹤岗市,地级市,黑龙江省,230400,14665.01,891271,向阳区,6.0,,2.0,,,,
双鸭山市,地级市,黑龙江省,230500,22051.13,1208803,尖山区,4.0,,4.0,,,,
大庆市,地级市,黑龙江省,230600,21204.82,2781562,萨尔图区,5.0,,3.0,1.0,,,
伊春市,地级市,黑龙江省,230700,32800.28,878881,伊美区,4.0,1.0,5.0,,,,
佳木斯市,地级市,黑龙江省,230800,32469.98,2156505,前进区,4.0,3.0,3.0,,,,
七台河市,地级市,黑龙江省,230900,6190.09,689611,桃山区,3.0,,1.0,,,,
牡丹江市,地级市,黑龙江省,231000,38827.19,2290208,东安区,4.0,5.0,1.0,,,,
黑河市,地级市,黑龙江省,231100,66861.93,1286401,爱辉区,1.0,3.0,2.0,,,,
绥化市,地级市,黑龙江省,231200,34873.12,3756167,北林区,1.0,3.0,6.0,,,,
大兴安岭地区,地区,黑龙江省,232700,64768.44,331276,加格达奇区,,1.0,2.0,,,,
南京市,地级市,江苏省,320100,6587.02,9314685,玄武区,11.0,,,,,,
无锡市,地级市,江苏省,320200,4627.46,7462135,滨湖区,5.0,2.0,,,,,
徐州市,地级市,江苏省,320300,11764.88,9083790,云龙区,5.0,2.0,3.0,,,,
常州市,地级市,江苏省,320400,4372.15,5278121,新北区,5.0,1.0,,,,,
苏州市,地级市,江苏省,320500,8657.32,12748262,姑苏区,5.0,4.0,,,,,
南通市,地级市,江苏省,320600,10549.25,7726635,崇川区,3.0,3.0,1.0,,,,
连云港市,地级市,江苏省,320700,7615.29,4599360,海州区,3.0,,3.0,,,,
淮安市,地级市,江苏省,320800,10029.54,4556230,清江浦区,4.0,,3.0,,,,
盐城市,地级市,江苏省,320900,16931.29,6709629,亭湖区,3.0,1.0,5.0,,,,
扬州市,地级市,江苏省,321000,6591.21,4559797,邗江区,3.0,2.0,1.0,,,,
镇江市,地级市,江苏省,321100,3840.32,3210418,润州区,3.0,3.0,,,,,
泰州市,地级市,江苏省,321200,5787.36,4512762,海陵区,3.0,3.0,,,,,
宿迁市,地级市,江苏省,321300,8524.29,4986192,宿城区,2.0,,3.0,,,,
杭州市,地级市,浙江省,330100,16850.03,11936010,上城区,10.0,1.0,2.0,,,,
宁波市,地级市,浙江省,330200,9714.65,9404283,鄞州区,6.0,2.0,2.0,,,,
温州市,地级市,浙江省,330300,12064.77,9572903,鹿城区,4.0,3.0,5.0,,,,
嘉兴市,地级市,浙江省,330400,4222.87,5400868,南湖区,2.0,3.0,2.0,,,,
湖州市,地级市,浙江省,330500,5820.26,3367579,吴兴区,2.0,,3.0,,,,
绍兴市,地级市,浙江省,330600,8279.08,5270977,越城区,3.0,2.0,1.0,,,,
金华市,地级市,浙江省,330700,10941.75,7050683,婺城区,2.0,4.0,3.0,,,,
衢州市,地级市,浙江省,330800,8844.55,2276184,柯城区,2.0,1.0,3.0,,,,
舟山市,地级市,浙江省,330900,1454.7,1157817,定海区,2.0,,2.0,,,,
台州市,地级市,浙江省,331000,10037.91,6622888,椒江区,3.0,3.0,3.0,,,,
丽水市,地级市,浙江省,331100,17275.2,2507396,莲都区,1.0,1.0,6.0,1.0,,,
合肥市,地级市,安徽省,340100,11445.06,9369881,蜀山区,4.0,1.0,4.0,,,,
芜湖市,地级市,安徽省,340200,6026.05,3644420,鸠江区,5.0,1.0,1.0,,,,
蚌埠市,地级市,安徽省,340300,5950.72,3296408,龙子湖区,4.0,,3.0,,,,
淮南市,地级市,安徽省,340400,5532.3,3033528,田家庵区,5.0,,2.0,,,,
马鞍山市,地级市,安徽省,340500,4049.13,2159930,雨山区,3.0,,3.0,,,,
淮北市,地级市,安徽省,340600,2741.39,1970265,相山区,3.0,,1.0,,,,
铜陵市,地级市,安徽省,340700,2922.6,1311726,铜官区,3.0,,1.0,,,,
安庆市,地级市,安徽省,340800,13537.96,4165284,宜秀区,3.0,2.0,5.0,,,,
黄山市,地级市,安徽省,341000,9678.39,1330565,屯溪区,3.0,,4.0,,,,
滁州市,地级市,安徽省,341100,13515.99,3987054,琅琊区,2.0,2.0,4.0,,,,
阜阳市,地级市,安徽省,341200,10118.17,8200264,颍州区,3.0,1.0,4.0,,,,
宿州市,地级市,安徽省,341300,9938.77,5324476,埇桥区,1.0,,4.0,,,,
六安市,地级市,安徽省,341500,15450.82,4393699,金安区,3.0,,4.0,,,,
亳州市,地级市,安徽省,341600,8521.23,4996844,谯城区,1.0,,3.0,,,,
池州市,地级市,安徽省,341700,8398.72,1342764,贵池区,1.0,,3.0,,,,
宣城市,地级市,安徽省,341800,12312.55,2500063,宣州区,1.0,2.0,4.0,,,,
福州市,地级市,福建省,350100,12250.72,8291268,鼓楼区,6.0,1.0,6.0,,,,
厦门市,地级市,福建省,350200,1699.39,5163970,思明区,6.0,,,,,,
莆田市,地级市,福建省,350300,4130.78,3210714,城厢区,4.0,,1.0,,,,
三明市,地级市,福建省,350400,22964.77,2486450,三元区,2.0,1.0,8.0,,,,
泉州市,地级市,福建省,350500,11286.59,8782285,丰泽区,4.0,3.0,5.0,,,,
漳州市,地级市,福建省,350600,12879.62,5054328,龙文区,4.0,,7.0,,,,
南平市,地级市,福建省,350700,26279.67,2680645,建阳区,2.0,3.0,5.0,,,,
龙岩市,地级市,福建省,350800,19027.62,2723637,新罗区,2.0,1.0,4.0,,,,
宁德市,地级市,福建省,350900,13431.98,3146789,蕉城区,1.0,2.0,6.0,,,,
南昌市,地级市,江西省,360100,7194.61,6255007,红谷滩区,6.0,,3.0,,,,
景德镇市,地级市,江西省,360200,5262.17,1618979,昌江区,2.0,1.0,1.0,,,,
萍乡市,地级市,江西省,360300,3831.01,1804805,安源区,2.0,,3.0,,,,
九江市,地级市,江西省,360400,19076.72,4600276,浔阳区,3.0,3.0,7.0,,,,
新余市,地级市,江西省,360500,3160.43,1202499,渝水区,1.0,,1.0,,,,
鹰潭市,地级市,江西省,360600,3559.96,1154223,月湖区,2.0,1.0,,,,,
赣州市,地级市,江西省,360700,39362.96,8970014,章贡区,3.0,2.0,13.0,,,,
吉安市,地级市,江西省,360800,25283.8,4469176,吉州区,2.0,1.0,10.0,,,,
宜春市,地级市,江西省,360900,18669.03,5007702,袁州区,1.0,3.0,6.0,,,,
抚州市,地级市,江西省,361000,18798.43,3614866,临川区,2.0,,9.0,,,,
上饶市,地级市,江西省,361100,22737.25,6491088,信州区,3.0,1.0,8.0,,,,
济南市,地级市,山东省,370100,10244.45,9202432,历下区,10.0,,2.0,,,,
青岛市,地级市,山东省,370200,11282.0,10071722,市南区,7.0,3.0,,,,,
淄博市,地级市,山东省,370300,5964.92,4704138,张店区,5.0,,3.0,,,,
枣庄市,地级市,山东省,370400,4563.53,3855601,薛城区,5.0,1.0,,,,,
东营市,地级市,山东省,370500,8243.26,2193518,东营区,3.0,,2.0,,,,
烟台市,地级市,山东省,370600,13851.5,7102116,莱山区,5.0,6.0,,,,,
潍坊市,地级市,山东省,370700,16143.14,9386705,奎文区,4.0,6.0,2.0,,,,
济宁市,地级市,山东省,370800,11186.98,8357897,任城区,2.0,2.0,7.0,,,,
泰安市,地级市,山东省,370900,7761.41,5472217,泰山区,2.0,2.0,2.0,,,,
威海市,地级市,山东省,371000,5796.98,2906548,环翠区,2.0,2.0,,,,,
日照市,地级市,山东省,371100,5358.57,2968365,东港区,2.0,,2.0,,,,
临沂市,地级市,山东省,371300,17191.21,11018365,兰山区,3.0,,9.0,,,,
德州市,地级市,山东省,371400,10357.67,5611194,德城区,2.0,2.0,7.0,,,,
聊城市,地级市,山东省,371500,8628.01,5952128,东昌府区,2.0,1.0,5.0,,,,
滨州市,地级市,山东省,371600,9172.19,3928568,滨城区,2.0,1.0,4.0,,,,
菏泽市,地级市,山东省,371700,12155.23,8795939,牡丹区,2.0,,7.0,,,,
郑州市,地级市,河南省,410100,7567.18,12600574,中原区,6.0,5.0,1.0,,,,
开封市,地级市,河南省,410200,6240.22,4824016,鼓楼区,5.0,,4.0,,,,
洛阳市,地级市,河南省,410300,15235.85,7056699,洛龙区,7.0,,7.0,,,,
平顶山市,地级市,河南省,410400,7910.12,4987137,新华区,4.0,2.0,4.0,,,,
安阳市,地级市,河南省,410500,7351.54,5477614,北关区,4.0,1.0,4.0,,,,
鹤壁市,地级市,河南省,410600,2140.43,1565973,淇滨区,3.0,,2.0,,,,
新乡市,地级市,河南省,410700,8290.89,6251929,卫滨区,4.0,3.0,5.0,,,,
焦作市,地级市,河南省,410800,3972.58,3521078,解放区,4.0,2.0,4.0,,,,
濮阳市,地级市,河南省,410900,4271.16,3772088,华龙区,1.0,,5.0,,,,
许昌市,地级市,河南省,411000,4978.83,4379998,魏都区,2.0,2.0,2.0,,,,
漯河市,地级市,河南省,411100,2692.41,2367490,郾城区,3.0,,2.0,,,,
三门峡市,地级市,河南省,411200,9935.74,2034872,湖滨区,2.0,2.0,2.0,,,,
南阳市,地级市,河南省,411300,26511.48,9713112,卧龙区,2.0,1.0,10.0,,,,
商丘市,地级市,河南省,411400,10703.55,7816831,睢阳区,2.0,1.0,6.0,,,,
信阳市,地级市,河南省,411500,18915.61,6234401,平桥区,2.0,,8.0,,,,
周口市,地级市,河南省,411600,11961.04,9026015,川汇区,2.0,1.0,7.0,,,,
驻马店市,地级市,河南省,411700,15086.28,7008427,驿城区,1.0,,9.0,,,,
武汉市,地级市,湖北省,420100,8569.15,12326518,江岸区,13.0,,,,,,
黄石市,地级市,湖北省,420200,4564.56,2469079,下陆区,4.0,1.0,1.0,,,,
十堰市,地级市,湖北省,420300,23666.16,3209004,茅箭区,3.0,1.0,4.0,,,,
宜昌市,地级市,湖北省,420500,21230.14,4017607,西陵区,5.0,3.0,3.0,2.0,,,
襄阳市,地级市,湖北省,420600,19727.68,5260951,襄城区,3.0,3.0,3.0,,,,
鄂州市,地级市,湖北省,420700,1596.46,1079353,鄂城区,3.0,,,,,,
荆门市,地级市,湖北省,420800,12339.43,2596972,东宝区,2.0,2.0,1.0,,,,
孝感市,地级市,湖北省,420900,8904.41,4270371,孝南区,1.0,3.0,3.0,,,,
荆州市,地级市,湖北省,421000,14099.21,5231180,沙市区,2.0,4.0,2.0,,,,
黄冈市,地级市,湖北省,421100,17457.2,5882719,黄州区,1.0,2.0,7.0,,,,
咸宁市,地级市,湖北省,421200,9751.5,2658316,咸安区,1.0,1.0,4.0,,,,
随州市,地级市,湖北省,421300,9613.86,2047923,曾都区,1.0,1.0,1.0,,,,
恩施土家族苗族自治州,自治州,湖北省,422800,24060.26,3456136,恩施市,,2.0,6.0,,,,
长沙市,地级市,湖南省,430100,11815.96,10047914,岳麓区,6.0,2.0,1.0,,,,
株洲市,地级市,湖南省,430200,11247.55,3902738,天元区,5.0,1.0,3.0,,,,
湘潭市,地级市,湖南省,430300,5005.81,2726181,岳塘区,2.0,2.0,1.0,,,,
衡阳市,地级市,湖南省,430400,15299.24,6645243,蒸湘区,5.0,2.0,5.0,,,,
邵阳市,地级市,湖南省,430500,20824.37,6563520,大祥区,3.0,2.0,6.0,1.0,,,
岳阳市,地级市,湖南省,430600,14857.79,5051922,岳阳楼区,3.0,2.0,4.0,,,,
常德市,地级市,湖南省,430700,18177.18,5279102,武陵区,2.0,1.0,6.0,,,,
张家界市,地级市,湖南省,430800,9533.77,1517027,永定区,2.0,,2.0,,,,
益阳市,地级市,湖南省,430900,12320.38,3851564,赫山区,2.0,1.0,3.0,,,,
郴州市,地级市,湖南省,431000,19341.85,4667134,北湖区,2.0,1.0,8.0,,,,
永州市,地级市,湖南省,431100,22259.2,5289824,冷水滩区,2.0,1.0,7.0,1.0,,,
怀化市,地级市,湖南省,431200,27572.54,4587594,鹤城区,1.0,1.0,5.0,5.0,,,
娄底市,地级市,湖南省,431300,8109.59,3826996,娄星区,1.0,2.0,2.0,,,,
湘西土家族苗族自治州,自治州,湖南省,433100,15470.4,2488105,吉首市,,1.0,7.0,,,,
广州市,地级市,广东省,440100,7246.6,18676605,越秀区,11.0,,,,,,
韶关市,地级市,广东省,440200,18412.53,2855131,浈江区,3.0,2.0,4.0,1.0,,,
深圳市,地级市,广东省,440300,1991.64,17560061,福田区,9.0,,,,,,
珠海市,地级市,广东省,440400,1711.24,2439585,香洲区,3.0,,,,,,
汕头市,地级市,广东省,440500,2179.95,5502031,金平区,6.0,,1.0,,,,
佛山市,地级市,广东省,440600,3797.72,9498863,禅城区,5.0,,,,,,
江门市,地级市,广东省,440700,9503.95,4798090,蓬江区,3.0,4.0,,,,,
湛江市,地级市,广东省,440800,13260.31,6981236,赤坎区,4.0,3.0,2.0,,,,
茂名市,地级市,广东省,440900,11425.95,6174050,茂南区,2.0,3.0,,,,,
肇庆市,地级市,广东省,441200,14891.23,4113594,端州区,3.0,1.0,4.0,,,,
惠州市,地级市,广东省,441300,11342.98,6042852,惠城区,2.0,,3.0,,,,
梅州市,地级市,广东省,441400,15864.51,3873239,梅江区,2.0,1.0,5.0,,,,
汕尾市,地级市,广东省,441500,4861.79,2672819,城区,1.0,1.0,2.0,,,,
河源市,地级市,广东省,441600,15653.63,2837686,源城区,1.0,,5.0,,,,
阳江市,地级市,广东省,441700,7955.27,2602959,江城区,2.0,1.0,1.0,,,,
清远市,地级市,广东省,441800,19035.54,3969473,清城区,2.0,2.0,2.0,2.0,,,
东莞市,地级市,广东省,441900,2460.01,10466625,南城街道,,,,,,,
中山市,地级市,广东省,442000,1783.67,4418060,东区街道,,,,,,,
潮州市,地级市,广东省,445100,3145.89,2568387,湘桥区,2.0,,1.0,,,,
揭阳市,地级市,广东省,445200,5265.38,5577814,榕城区,2.0,1.0,2.0,,,,
云浮市,地级市,广东省,445300,7785.11,2383350,云城区,2.0,1.0,2.0,,,,
南宁市,地级市,广西壮族自治区,450100,22099.31,8741584,青秀区,7.0,1.0,4.0,,,,
柳州市,地级市,广西壮族自治区,450200,18596.64,4157934,城中区,5.0,,3.0,2.0,,,
桂林市,地级市,广西壮族自治区,450300,27667.28,4931137,临桂区,6.0,1.0,8.0,2.0,,,
梧州市,地级市,广西壮族自治区,450400,12572.44,2820977,长洲区,3.0,1.0,3.0,,,,
北海市,地级市,广西壮族自治区,450500,3988.67,1853227,海城区,3.0,,1.0,,,,
防城港市,地级市,广西壮族自治区,450600,6231.97,1046068,港口区,2.0,1.0,1.0,,,,
钦州市,地级市,广西壮族自治区,450700,10878.7,3302238,钦南区,2.0,,2.0,,,,
贵港市,地级市,广西壮族自治区,450800,10602.34,4316262,港北区,3.0,1.0,1.0,,,,
玉林市,地级市,广西壮族自治区,450900,12824.18,5796766,玉州区,2.0,1.0,4.0,,,,
百色市,地级市,广西壮族自治区,451000,36201.77,3571505,右江区,2.0,2.0,7.0,1.0,,,
贺州市,地级市,广西壮族自治区,451100,11752.57,2007858,八步区,2.0,,2.0,1.0,,,
河池市,地级市,广西壮族自治区,451200,33476.18,3417945,宜州区,2.0,,4.0,5.0,,,
来宾市,地级市,广西壮族自治区,451300,13381.83,2074611,兴宾区,1.0,1.0,3.0,1.0,,,
崇左市,地级市,广西壮族自治区,451400,17332.08,2088692,江州区,1.0,1.0,5.0,,,,
海口市,地级市,海南省,460100,2284.27,2873358,秀英区,4.0,,,,,,
三亚市,地级市,海南省,460200,1918.37,1031396,吉阳区,4.0,,,,,,
三沙市,地级市,海南省,460300,13.0,2333,西沙区,2.0,,,,,,
儋州市,地级市,海南省,460400,3394.41,954259,那大镇,,,,,,,
成都市,地级市,四川省,510100,14334.78,20937757,武侯区,12.0,5.0,3.0,,,,
自贡市,地级市,四川省,510300,4372.46,2489256,自流井区,4.0,,2.0,,,,
攀枝花市,地级市,四川省,510400,7411.03,1212203,东区,3.0,,2.0,,,,
泸州市,地级市,四川省,510500,12228.64,4254149,江阳区,3.0,,4.0,,,,
德阳市,地级市,四川省,510600,5911.22,3456161,旌阳区,2.0,3.0,1.0,,,,
绵阳市,地级市,四川省,510700,20256.88,4868243,涪城区,3.0,1.0,4.0,1.0,,,
广元市,地级市,四川省,510800,16318.71,2305657,利州区,3.0,,4.0,,,,
遂宁市,地级市,四川省,510900,5322.18,2814196,船山区,2.0,1.0,2.0,,,,
内江市,地级市,四川省,511000,5384.72,3140678,市中区,2.0,1.0,2.0,,,,
乐山市,地级市,四川省,511100,12720.03,3160168,市中区,4.0,1.0,4.0,2.0,,,
南充市,地级市,四川省,511300,12482.05,5607565,顺庆区,3.0,1.0,5.0,,,,
眉山市,地级市,四川省,511400,7139.86,2955219,东坡区,2.0,,4.0,,,,
宜宾市,地级市,四川省,511500,13270.78,4588804,叙州区,3.0,,7.0,,,,
广安市,地级市,四川省,511600,6339.22,3254883,广安区,2.0,1.0,3.0,,,,
达州市,地级市,四川省,511700,16587.91,5385422,通川区,2.0,1.0,4.0,,,,
雅安市,地级市,四川省,511800,15046.1,1434603,雨城区,2.0,,6.0,,,,
巴中市,地级市,四川省,511900,12296.9,2712894,巴州区,2.0,,3.0,,,,
资阳市,地级市,四川省,512000,5746.64,2308631,雁江区,1.0,,2.0,,,,
阿坝藏族羌族自治州,自治州,四川省,513200,83002.41,822587,马尔康市,,1.0,12.0,,,,
甘孜藏族自治州,自治州,四川省,513300,149683.01,1107431,康定市,,1.0,17.0,,,,
凉山彝族自治州,自治州,四川省,513400,60260.85,4858359,西昌市,,2.0,14.0,1.0,,,
贵阳市,地级市,贵州省,520100,8043.37,5987018,观山湖区,6.0,1.0,3.0,,,,
六盘水市,地级市,贵州省,520200,9914.49,3031602,钟山区,2.0,1.0,,,,,1.0
遵义市,地级市,贵州省,520300,30766.87,6606675,汇川区,3.0,2.0,7.0,2.0,,,
安顺市,地级市,贵州省,520400,9228.24,2470630,西秀区,2.0,,1.0,3.0,,,
毕节市,地级市,贵州省,520500,26848.51,6899636,七星关区,1.0,1.0,5.0,1.0,,,
铜仁市,地级市,贵州省,520600,18013.52,3298468,碧江区,2.0,,4.0,4.0,,,
黔西南布依族苗族自治州,自治州,贵州省,522300,16806.26,3015112,兴义市,,2.0,6.0,,,,
黔东南苗族侗族自治州,自治州,贵州省,522600,30282.34,3758622,凯里市,,1.0,15.0,,,,
黔南布依族苗族自治州,自治州,贵州省,522700,26194.98,3494385,都匀市,,2.0,9.0,1.0,,,
昆明市,地级市,云南省,530100,21012.54,8460088,呈贡区,7.0,1.0,3.0,3.0,,,
曲靖市,地级市,云南省,530300,28934.91,5765775,麒麟区,3.0,1.0,5.0,,,,
玉溪市,地级市,云南省,530400,14942.12,2249502,红塔区,2.0,1.0,3.0,3.0,,,
保山市,地级市,云南省,530500,19062.16,2431211,隆阳区,1.0,1.0,3.0,,,,
昭通市,地级市,云南省,530600,22439.79,5092611,昭阳区,1.0,1.0,9.0,,,,
丽江市,地级市,云南省,530700,20554.38,1253878,古城区,1.0,,2.0,2.0,,,
普洱市,地级市,云南省,530800,44265.74,2404954,思茅区,1.0,,,9.0,,,
临沧市,地级市,云南省,530900,23620.15,2257991,临翔区,1.0,,4.0,3.0,,,
楚雄彝族自治州,自治州,云南省,532300,28438.41,2416747,楚雄市,,2.0,8.0,,,,
红河哈尼族彝族自治州,自治州,云南省,532500,32170.9,4478422,蒙自市,,4.0,6.0,3.0,,,
文山壮族苗族自治州,自治州,云南省,532600,31407.13,3503218,文山市,,1.0,7.0,,,,
西双版纳傣族自治州,自治州,云南省,532800,19096.05,1301407,景洪市,,1.0,2.0,,,,
大理白族自治州,自治州,云南省,532900,28299.47,3337559,大理市,,1.0,8.0,3.0,,,
德宏傣族景颇族自治州,自治州,云南省,533100,11172.24,1315709,芒市,,2.0,3.0,,,,
怒江傈僳族自治州,自治州,云南省,533300,14584.51,552694,泸水市,,1.0,1.0,2.0,,,
迪庆藏族自治州,自治州,云南省,533400,23185.87,387511,香格里拉市,,1.0,1.0,1.0,,,
拉萨市,地级市,西藏自治区,540100,29634.01,867891,城关区,3.0,,5.0,,,,
日喀则市,地级市,西藏自治区,540200,179902.6,798153,桑珠孜区,1.0,,17.0,,,,
昌都市,地级市,西藏自治区,540300,109816.98,760966,卡若区,1.0,,10.0,,,,
林芝市,地级市,西藏自治区,540400,114215.1,238936,巴宜区,1.0,1.0,5.0,,,,
山南市,地级市,西藏自治区,540500,79253.53,354035,乃东区,1.0,1.0,10.0,,,,
那曲市,地级市,西藏自治区,540600,352192.31,504838,色尼区,1.0,,10.0,,,,
阿里地区,地区,西藏自治区,542500,337174.95,123281,噶尔县,,,7.0,,,,
西安市,地级市,陕西省,610100,10096.81,12183280,未央区,11.0,,2.0,,,,
铜川市,地级市,陕西省,610200,3884.81,698322,耀州区,3.0,,1.0,,,,
宝鸡市,地级市,陕西省,610300,18116.93,3321853,金台区,4.0,,8.0,,,,
咸阳市,地级市,陕西省,610400,10323.99,4983340,秦都区,3.0,2.0,9.0,,,,
渭南市,地级市,陕西省,610500,13030.56,4688744,临渭区,2.0,2.0,7.0,,,,
延安市,地级市,陕西省,610600,37030.54,2282581,宝塔区,2.0,1.0,10.0,,,,
汉中市,地级市,陕西省,610700,27096.43,3211462,汉台区,2.0,,9.0,,,,
榆林市,地级市,陕西省,610800,42920.18,3624750,榆阳区,2.0,1.0,9.0,,,,
安康市,地级市,陕西省,610900,23536.31,2493436,汉滨区,1.0,1.0,8.0,,,,
商洛市,地级市,陕西省,611000,19587.31,2041231,商州区,1.0,,6.0,,,,
兰州市,地级市,甘肃省,620100,13192.31,4359446,城关区,5.0,,3.0,,,,
嘉峪关市,地级市,甘肃省,620200,1224.17,312663,雄关街道,,,,,,,
金昌市,地级市,甘肃省,620300,7548.98,438026,金川区,1.0,,1.0,,,,
白银市,地级市,甘肃省,620400,20098.54,1512110,白银区,2.0,,3.0,,,,
天水市,地级市,甘肃省,620500,14277.2,2984659,秦州区,2.0,,4.0,1.0,,,
武威市,地级市,甘肃省,620600,32347.09,1464955,凉州区,1.0,,2.0,1.0,,,
张掖市,地级市,甘肃省,620700,38592.06,1131016,甘州区,1.0,,4.0,1.0,,,
平凉市,地级市,甘肃省,620800,11171.15,1848607,崆峒区,1.0,1.0,5.0,,,,
酒泉市,地级市,甘肃省,620900,168080.24,1055706,肃州区,1.0,2.0,2.0,2.0,,,
庆阳市,地级市,甘肃省,621000,27117.27,2179716,西峰区,1.0,,7.0,,,,
定西市,地级市,甘肃省,621100,19609.24,2524097,安定区,1.0,,6.0,,,,
陇南市,地级市,甘肃省,621200,27838.66,2407272,武都区,1.0,,8.0,,,,
临夏回族自治州,自治州,甘肃省,622900,8198.46,2109750,临夏市,,1.0,5.0,2.0,,,
甘南藏族自治州,自治州,甘肃省,623000,36593.55,691808,合作市,,1.0,7.0,,,,
西宁市,地级市,青海省,630100,7606.78,2467965,城中区,5.0,,1.0,1.0,,,
海东市,地级市,青海省,630200,12982.42,1358471,乐都区,2.0,,,4.0,,,
海北藏族自治州,自治州,青海省,632200,34389.89,265322,海晏县,,,3.0,1.0,,,
黄南藏族自治州,自治州,青海省,632300,18226.46,276215,同仁市,,1.0,2.0,1.0,,,
海南藏族自治州,自治州,青海省,632500,43453.23,446996,共和县,,,5.0,,,,
果洛藏族自治州,自治州,青海省,632600,74246.36,215573,玛沁县,,,6.0,,,,
玉树藏族自治州,自治州,青海省,632700,204887.14,425199,玉树市,,1.0,5.0,,,,
海西蒙古族藏族自治州,自治州,青海省,632800,300854.49,468216,德令哈市,,3.0,3.0,,,,
银川市,地级市,宁夏回族自治区,640100,6942.86,2859074,金凤区,3.0,1.0,2.0,,,,
石嘴山市,地级市,宁夏回族自治区,640200,4074.47,751389,大武口区,2.0,,1.0,,,,
吴忠市,地级市,宁夏回族自治区,640300,16757.59,1382713,利通区,2.0,1.0,2.0,,,,
固原市,地级市,宁夏回族自治区,640400,10522.79,1142142,原州区,1.0,,4.0,,,,
中卫市,地级市,宁夏回族自治区,640500,13650.14,1067336,沙坡头区,1.0,,2.0,,,,
乌鲁木齐市,地级市,新疆维吾尔自治区,650100,13783.1,4054369,水磨沟区,7.0,,1.0,,,,
克拉玛依市,地级市,新疆维吾尔自治区,650200,7733.91,490348,克拉玛依区,4.0,,,,,,
吐鲁番市,地级市,新疆维吾尔自治区,650400,69759.31,693988,高昌区,1.0,,2.0,,,,
哈密市,地级市,新疆维吾尔自治区,650500,137222.3,673383,伊州区,1.0,,1.0,1.0,,,
昌吉回族自治州,自治州,新疆维吾尔自治区,652300,73484.64,1613585,昌吉市,,2.0,4.0,1.0,,,
博尔塔拉蒙古自治州,自治州,新疆维吾尔自治区,652700,24862.88,488198,博乐市,,2.0,2.0,,,,
巴音郭楞蒙古自治州,自治州,新疆维吾尔自治区,652800,471480.28,1613979,库尔勒市,,1.0,7.0,1.0,,,
阿克苏地区,地区,新疆维吾尔自治区,652900,127816.66,2714422,阿克苏市,,2.0,7.0,,,,
克孜勒苏柯尔克孜自治州,自治州,新疆维吾尔自治区,653000,69845.8,622222,阿图什市,,1.0,3.0,,,,
喀什地区,地区,新疆维吾尔自治区,653100,111398.39,4496377,喀什市,,1.0,10.0,1.0,,,
和田地区,地区,新疆维吾尔自治区,653200,248059.54,2504718,和田市,,1.0,7.0,,,,
伊犁哈萨克自治州,自治州,新疆维吾尔自治区,654000,56522.92,2848393,伊宁市,,3.0,7.0,1.0,,,
塔城地区,地区,新疆维吾尔自治区,654200,94868.65,1138638,塔城市,,3.0,3.0,1.0,,,
阿勒泰地区,地区,新疆维吾尔自治区,654300,117709.61,668587,阿勒泰市,,1.0,6.0,,,,
